{
  "Customer": {
    "1": {
      "email": "ledjo45@gmail.com",
      "name": "Ledjo",
      "password": "margena5555",
      "telephone": "5656566556"
    }
  },
  "Food": {
    "1": {
      "foodname": "Submarine",
      "qty": "5",
      "type": "Veg"
    }
  },
  "Room": {
    "1": {
      "checkinDate": "12/5/5",
      "checkoutDate": "13/5/5",
      "packages": "Gold",
      "preference": "Breakfast and Lunch"
    }
  },
  "Table": {
    "tbl": {
      "date": "12/5/5",
      "event": "Party",
      "guest": "5",
      "location": "Indoor",
      "time": "10:25"
    }
  }
}