{
  "project_info": {
    "project_number": "599498698123",
    "firebase_url": "https://bookingapp-d0da5.firebaseio.com",
    "project_id": "bookingapp-d0da5",
    "storage_bucket": "bookingapp-d0da5.appspot.com"
  },
  "client": [
    {
      "client_info": {
        "mobilesdk_app_id": "1:599498698123:android:320761c16caba6d849d38e",
        "android_client_info": {
          "package_name": "com.example.bookeasy"
        }
      },
      "oauth_client": [
        {
          "client_id": "599498698123-juef95i68a3vc3m7c1k3u9r4secnv55t.apps.googleusercontent.com",
          "client_type": 1,
          "android_info": {
            "package_name": "com.example.bookeasy",
            "certificate_hash": "9193dd77d52005ba431e725eac086b4d45e3ba8d"
          }
        },
        {
          "client_id": "599498698123-6tek7r0f0lbfofspa4tsu5l0d48kj46o.apps.googleusercontent.com",
          "client_type": 3
        }
      ],
      "api_key": [
        {
          "current_key": "AIzaSyBDx1GmzC9Wy70mRYSjryMhIzfWVGhzg4A"
        }
      ],
      "services": {
        "appinvite_service": {
          "other_platform_oauth_client": [
            {
              "client_id": "599498698123-6tek7r0f0lbfofspa4tsu5l0d48kj46o.apps.googleusercontent.com",
              "client_type": 3
            }
          ]
        }
      }
    }
  ],
  "configuration_version": "1"
}